{"name":"33bcc4c0-eedd-4f51-b8ca-ab7c11a17e3a","id":"/providers/Microsoft.Flow/flows/33bcc4c0-eedd-4f51-b8ca-ab7c11a17e3a","type":"Microsoft.Flow/flows","properties":{"apiId":"/providers/Microsoft.PowerApps/apis/shared_logicflows","displayName":"Update item - automatic approval","definition":{"metadata":{"workflowEntityId":null,"processAdvisorMetadata":null,"flowChargedByPaygo":null,"flowclientsuspensionreason":"None","flowclientsuspensiontime":null,"flowclientsuspensionreasondetails":null,"creator":{"id":"c6f43537-b535-4a30-8fa8-8d51654990b5","type":"User","tenantId":"08455b90-5d90-4a89-937b-8c2322b2c786"},"provisioningMethod":"FromDefinition","failureAlertSubscription":true,"clientLastModifiedTime":"2025-07-18T13:44:01.7081109Z","connectionKeySavedTimeKey":"2025-07-18T13:44:01.7081109Z","creationSource":"Portal","modifiedSources":"Portal"},"$schema":"https://schema.management.azure.com/providers/Microsoft.Logic/schemas/2016-06-01/workflowdefinition.json#","contentVersion":"1.0.0.0","parameters":{"$authentication":{"defaultValue":{},"type":"SecureObject"},"$connections":{"defaultValue":{},"type":"Object"}},"triggers":{"When_an_item_is_created":{"recurrence":{"frequency":"Minute","interval":1},"splitOn":"@triggerOutputs()?['body/value']","type":"OpenApiConnection","inputs":{"parameters":{"dataset":"https://learncourselt.sharepoint.com/sites/22","table":"7592b49f-2983-4d69-adc7-2ac9ba673b3d"},"host":{"apiId":"/providers/Microsoft.PowerApps/apis/shared_sharepointonline","connectionName":"shared_sharepointonline","operationId":"GetOnNewItems"},"authentication":"@parameters('$authentication')"}}},"actions":{"Send_an_email_(V2)":{"runAfter":{},"type":"OpenApiConnection","inputs":{"parameters":{"emailMessage/To":"@triggerBody()?['Requester/Email']","emailMessage/Subject":"Your request for a@{triggerBody()?['Title']} was rejected","emailMessage/Body":"<p class=\"editor-paragraph\">It was rejected</p>","emailMessage/Importance":"Normal"},"host":{"apiId":"/providers/Microsoft.PowerApps/apis/shared_office365","connectionName":"shared_office365","operationId":"SendEmailV2"},"authentication":"@parameters('$authentication')"}},"Condition_-_check_over_1000":{"actions":{"Send_email_with_options":{"runAfter":{"Get_manager_(V2)":["Succeeded"]},"type":"OpenApiConnectionWebhook","inputs":{"parameters":{"optionsEmailSubscription/Message/To":"darius.lukosius@codeacademylt.onmicrosoft.com","optionsEmailSubscription/Message/HeaderText":"Please see details below","optionsEmailSubscription/Message/SelectionText":"Make a selection","optionsEmailSubscription/Message/Body":"Please review details and make selection to approve or not\n\nDivice: @{triggerBody()?['Title']}\nDesripption: @{triggerBody()?['Description']}\nPriority: @{triggerBody()?['Priority/Value']}\nEstimated Cost: @{formatNumber (triggerBody()?['EstimatedCost'],'C2')}\n","optionsEmailSubscription/Message/Subject":"there is new  divice request waiting you approval","optionsEmailSubscription/Message/Options":"Approve, Reject"},"host":{"apiId":"/providers/Microsoft.PowerApps/apis/shared_office365","connectionName":"shared_office365","operationId":"SendMailWithOptions"},"authentication":"@parameters('$authentication')"}},"Get_manager_(V2)":{"type":"OpenApiConnection","inputs":{"parameters":{"id":"@triggerBody()?['Requester/Email']"},"host":{"apiId":"/providers/Microsoft.PowerApps/apis/shared_office365users","connectionName":"shared_office365users","operationId":"Manager_V2"},"authentication":"@parameters('$authentication')"}},"Condition__-_check_manager_selection":{"actions":{"Update_item":{"type":"OpenApiConnection","inputs":{"parameters":{"dataset":"https://learncourselt.sharepoint.com/sites/22","table":"7592b49f-2983-4d69-adc7-2ac9ba673b3d","id":"@triggerBody()?['ID']","item/Title":"Request","item/Approved_x003f_":true,"item/ApprovalComments":"approved by David"},"host":{"apiId":"/providers/Microsoft.PowerApps/apis/shared_sharepointonline","connectionName":"shared_sharepointonline","operationId":"PatchItem"},"authentication":"@parameters('$authentication')"}}},"runAfter":{"Send_email_with_options":["Succeeded"]},"else":{"actions":{"Send_an_email_(V2)_1":{"type":"OpenApiConnection","inputs":{"parameters":{"emailMessage/To":"@triggerBody()?['Author/Email']","emailMessage/Subject":"Your request for a @{triggerBody()?['Title']} was rejected","emailMessage/Body":"<p class=\"editor-paragraph\">It was rejected</p>","emailMessage/Importance":"Normal"},"host":{"apiId":"/providers/Microsoft.PowerApps/apis/shared_office365","connectionName":"shared_office365","operationId":"SendEmailV2"},"authentication":"@parameters('$authentication')"}}}},"expression":{"and":[{"equals":["",""]}]},"type":"If"}},"runAfter":{"Send_an_email_(V2)":["Succeeded"]},"else":{"actions":{"Update_item_-_atomatic_approval":{"type":"OpenApiConnection","inputs":{"parameters":{"dataset":"https://learncourselt.sharepoint.com/sites/22","table":"7592b49f-2983-4d69-adc7-2ac9ba673b3d","id":"@triggerBody()?['ID']","item/Title":"Request","item/Approved_x003f_":false},"host":{"apiId":"/providers/Microsoft.PowerApps/apis/shared_sharepointonline","connectionName":"shared_sharepointonline","operationId":"PatchItem"},"authentication":"@parameters('$authentication')"}}}},"expression":{"and":[{"greater":["@triggerBody()?['EstimatedCost']",1000]}]},"type":"If"}},"outputs":{}},"connectionReferences":{"shared_sharepointonline":{"connectionName":"shared-sharepointonl-0b256dc1-756a-4195-8d6b-c82cb5535dd5","source":"Embedded","id":"/providers/Microsoft.PowerApps/apis/shared_sharepointonline","tier":"NotSpecified","apiName":"sharepointonline","isProcessSimpleApiReferenceConversionAlreadyDone":false},"shared_office365":{"connectionName":"shared-office365-d12ae545-7da7-47a5-93e3-83bffa058380","source":"Embedded","id":"/providers/Microsoft.PowerApps/apis/shared_office365","tier":"NotSpecified","apiName":"office365","isProcessSimpleApiReferenceConversionAlreadyDone":false},"shared_office365users":{"connectionName":"shared-office365user-d5f183ee-3f6e-426b-87f9-d6415730ff0a","source":"Embedded","id":"/providers/Microsoft.PowerApps/apis/shared_office365users","tier":"NotSpecified","apiName":"office365users","isProcessSimpleApiReferenceConversionAlreadyDone":false}},"flowFailureAlertSubscribed":false,"isManaged":false}}